{
  "compatibilityLevel": "JAVA_8",
  "minVersion": "0.7",
  "plugin": "skytils.skytilsmod.tweaker.SkytilsMixinPlugin",
  "package": "skytils.skytilsmod.mixins",
  "refmap": "mixins.skytils.refmap.json",
  "mixins": [
    "MixinMinecraft",
    "accessors.AccessorCommandHandler",
    "accessors.AccessorEnumDyeColor",
    "accessors.AccessorGuiContainer",
    "accessors.AccessorGuiEditSign",
    "accessors.AccessorGuiNewChat",
    "accessors.AccessorMinecraft",
    "accessors.AccessorSettingsGui",
    "audio.MixinSoundManager",
    "crash.MixinCrashReport",
    "entity.MixinAbstractClientPlayer",
    "entity.MixinBossStatus",
    "entity.MixinEntityBlaze",
    "entity.MixinEntityLivingBase",
    "entity.MixinEntityPlayerSP",
    "forge.MixinSplashProgress",
    "gui.MixinGuiContainer",
    "gui.MixinGuiIngame",
    "gui.MixinGuiScreen",
    "inventory.MixinSlot",
    "item.MixinItemArmor",
    "item.MixinItemStack",
    "model.MixinModelBlaze",
    "multiplayer.MixinPlayerControllerMP",
    "network.MixinNetHandlerPlayClient",
    "network.MixinNetworkManager",
    "neu.MixinGuiProfileViewer",
    "neu.MixinStorageManager",
    "neu.MixinTradeWindow",
    "renderer.MixinBlockRendererDispatcher",
    "renderer.MixinEntityRenderer",
    "renderer.MixinInventoryEffectRenderer",
    "renderer.MixinLayerArmorBase",
    "renderer.MixinLayerCreeperCharge",
    "renderer.MixinLayerCustomHead",
    "renderer.MixinRender",
    "renderer.MixinRenderBat",
    "renderer.MixinRenderEntityItem",
    "renderer.MixinRenderGuardian",
    "renderer.MixinRenderItem",
    "renderer.MixinRenderLightningBolt",
    "renderer.MixinRenderLiving",
    "renderer.MixinTileEntityChestRenderer",
    "renderer.MixinTileEntityItemStackRenderer",
    "renderer.MixinTileEntitySkullRenderer",
    "util.MixinUtil",
    "world.MixinChunk",
    "world.MixinWorld"
  ],
  "verbose": true
}